{
  "application_name": {
    "searchPatterns": [
      "cloudfoundry:$.application_name",
      "env:K_SERVICE"
    ]
  },
  "speechToText_apikey": {
    "searchPatterns": [
      "cloudfoundry:$['speech_to_text'][0].credentials.apikey",
      "file:/./src/main/resources/localdev-config.json:$.speechToText_apikey"
    ]
  },
  "speechToText_iam_apikey_description": {
    "searchPatterns": [
      "cloudfoundry:$['speech_to_text'][0].credentials.iam_apikey_description",
      "file:/./src/main/resources/localdev-config.json:$.speechToText_iam_apikey_description"
    ]
  },
  "speechToText_iam_apikey_name": {
    "searchPatterns": [
      "cloudfoundry:$['speech_to_text'][0].credentials.iam_apikey_name",
      "file:/./src/main/resources/localdev-config.json:$.speechToText_iam_apikey_name"
    ]
  },
  "speechToText_iam_role_crn": {
    "searchPatterns": [
      "cloudfoundry:$['speech_to_text'][0].credentials.iam_role_crn",
      "file:/./src/main/resources/localdev-config.json:$.speechToText_iam_role_crn"
    ]
  },
  "speechToText_iam_serviceid_crn": {
    "searchPatterns": [
      "cloudfoundry:$['speech_to_text'][0].credentials.iam_serviceid_crn",
      "file:/./src/main/resources/localdev-config.json:$.speechToText_iam_serviceid_crn"
    ]
  },
  "speechToText_url": {
    "searchPatterns": [
      "cloudfoundry:$['speech_to_text'][0].credentials.url",
      "file:/./src/main/resources/localdev-config.json:$.speechToText_url"
    ]
  },
  "speechToText_serviceInfo": {
    "searchPatterns": [
      "cloudfoundry:$['speech_to_text'][0].credentials.serviceInfo",
      "file:/./src/main/resources/localdev-config.json:$.speechToText_serviceInfo"
    ]
  },
  "naturalLanguageUnderstanding_apikey": {
    "searchPatterns": [
      "cloudfoundry:$['natural-language-understanding'][0].credentials.apikey",
      "file:/./src/main/resources/localdev-config.json:$.naturalLanguageUnderstanding_apikey"
    ]
  },
  "naturalLanguageUnderstanding_iam_apikey_description": {
    "searchPatterns": [
      "cloudfoundry:$['natural-language-understanding'][0].credentials.iam_apikey_description",
      "file:/./src/main/resources/localdev-config.json:$.naturalLanguageUnderstanding_iam_apikey_description"
    ]
  },
  "naturalLanguageUnderstanding_iam_apikey_name": {
    "searchPatterns": [
      "cloudfoundry:$['natural-language-understanding'][0].credentials.iam_apikey_name",
      "file:/./src/main/resources/localdev-config.json:$.naturalLanguageUnderstanding_iam_apikey_name"
    ]
  },
  "naturalLanguageUnderstanding_iam_role_crn": {
    "searchPatterns": [
      "cloudfoundry:$['natural-language-understanding'][0].credentials.iam_role_crn",
      "file:/./src/main/resources/localdev-config.json:$.naturalLanguageUnderstanding_iam_role_crn"
    ]
  },
  "naturalLanguageUnderstanding_iam_serviceid_crn": {
    "searchPatterns": [
      "cloudfoundry:$['natural-language-understanding'][0].credentials.iam_serviceid_crn",
      "file:/./src/main/resources/localdev-config.json:$.naturalLanguageUnderstanding_iam_serviceid_crn"
    ]
  },
  "naturalLanguageUnderstanding_url": {
    "searchPatterns": [
      "cloudfoundry:$['natural-language-understanding'][0].credentials.url",
      "file:/./src/main/resources/localdev-config.json:$.naturalLanguageUnderstanding_url"
    ]
  },
  "naturalLanguageUnderstanding_serviceInfo": {
    "searchPatterns": [
      "cloudfoundry:$['natural-language-understanding'][0].credentials.serviceInfo",
      "file:/./src/main/resources/localdev-config.json:$.naturalLanguageUnderstanding_serviceInfo"
    ]
  }
}
