{
  "watson_speech_to_text_apikey": "D16DIXhiPtWH60MU3pqZytKlSCHDJWQsm8yGPPGjqzF_",
  "watson_speech_to_text_iam_apikey_description": "Auto-generated for key 0175188a-5bfa-46b3-a67a-5847f78b5cdb",
  "watson_speech_to_text_iam_apikey_name": "6dc800cd-a775-4843-9bbf-87f4a68fae9e",
  "watson_speech_to_text_iam_role_crn": "crn:v1:bluemix:public:iam::::serviceRole:Writer",
  "watson_speech_to_text_iam_serviceid_crn": "crn:v1:bluemix:public:iam-identity::a/b3e12bb7c69b4a05a76964e6ddb5671e::serviceid:ServiceId-54a27819-7939-4da6-8df2-6594e31ebedb",
  "watson_speech_to_text_url": "https://api.eu-gb.speech-to-text.watson.cloud.ibm.com/instances/6832771e-752d-4ca6-875b-653d014abf46",
  "watson_natural_language_understanding_apikey": "peovubnW4lR_9EX_ryrXZNnZaekF7TJWZL-ckTn6E-Y_",
  "watson_natural_language_understanding_iam_apikey_description": "Auto-generated for key 31dab46b-ee20-4732-b42d-9ec93510e641",
  "watson_natural_language_understanding_iam_apikey_name": "6dc800cd-a775-4843-9bbf-87f4a68fae9e",
  "watson_natural_language_understanding_iam_role_crn": "crn:v1:bluemix:public:iam::::serviceRole:Writer",
  "watson_natural_language_understanding_iam_serviceid_crn": "crn:v1:bluemix:public:iam-identity::a/b3e12bb7c69b4a05a76964e6ddb5671e::serviceid:ServiceId-bf089ecb-b22b-4ca5-a5d8-19c3e8e0c23d",
  "watson_natural_language_understanding_url": "https://api.eu-gb.natural-language-understanding.watson.cloud.ibm.com/instances/d8913f34-3def-48e6-973f-fef2666a7048"
}
